[
        {
            "category": "Appetizers",
            "recipe": "Creamy Dill Cucumber Toasties",
            "prep": "15min",
            "cook": "15min",
            "ingredients": [
                "1 8oz package cream cheese, softened",
                "1 .7oz package dry Italian-style salad dressing mix",
                "1/2 cup mayonnaise",
                "1 French baguette, cut into 1/2in thick circles",
                "1 cucumber, sliced",
                "2 TSP dried dill weed"
                
            ],
            "directions": "In a medium bowl, mix together cream cheese, dressing mix and mayonnaise. Spread a thin layer of the cream cheese mixture on a slice of bread, and top with a slice of cucumber. Sprinkle with dill. Repeat with remaining ingredients."
        },
        {
            "category": "Appetizers",
            "recipe": "Creamy Cheesy Spinach Dip",
            "prep": "30min",
            "cook": "30min",
            "ingredients": [
                "1 TBSP olive oil, divided",
                "1 small onion, finely chopped",
                "2 cloves garlic, minced",
                "2 10oz packages frozen spinach-thawed, drained and chopped",
                "1/2 cup milk",
                "6 oz cream cheese",
                "1/4 cup shredded cheddar cheese",
                "1/2 cup shredded mozzarella cheese",
                "2 dashes Worcestershire sauce",
                "salt and ground black pepper to taste"
                
            ],
            "directions": "Preheat oven to 425 degrees F (220 degrees C). Grease a 1 1/2-quart shallow baking dish with 1 teaspoon olive oil. Heat 2 teaspoons olive oil in a large pot over medium heat. Cook and stir onion and garlic in hot oil until lightly browned, 4 to 7 minutes. Add spinach and simmer until spinach is hot, about 5 minutes. Drain any liquid from the mixture and transfer to a bowl.Pour milk into pot and return pot to medium heat. Melt cream cheese into the milk; cook and stir together about 3 minutes. Return spinach mixture to pot with 1/2 cup mozzarella cheese and Cheddar cheese; stir to combine. Season the mixture with Worcestershire sauce, salt, and pepper. Pour the mixture into the prepared baking dish and top with 1/2 cup mozzarella cheese.Bake in preheated oven until bubbly and golden brown on top, 20 to 25 minutes."
        },
        {
            "category": "Appetizers",
            "recipe": "Strawberry Bruschetta",
            "prep": "10min",
            "cook": "5min",
            "ingredients": [
                "24 slices French baguette",
                "1 TBSP butter, softened",
                "2 cups chopped fresh strawberries",
                "1/4 cup white sugar, or as needed"
                
            ],
            "directions": "Preheat your oven's broiler. Spread a thin layer of butter on each slice of bread. Arrange bread slices in a single layer on a large baking sheet. Place bread under the broiler for 1 to 2 minutes, just until lightly toasted. Spoon some chopped strawberries onto each piece of toast, then sprinkle sugar over the strawberries.Place under the broiler again until sugar is caramelized, 3 to 5 minutes. Serve immediately."
        },
        {
        "category": "Appetizers",
        "recipe": "Deviled Eggs",
        "prep": "15min",
        "cook": "10min",
        "ingredients": [
            "12 eggs",
            "1 TSP vegetable oil",
            "1 small onion, chopped",
            "1/4 cup sour cream",
            "2 TBSP ranch dressing, or to taste",
            "1 1/2 TSP Dijon mustard",
            "1/2 TSP garlic powder",
            "1/2 pinch onion powder",
            "1/8 TSP lemon pepper seasoning",
            "1 TBS bacon bits, or to taste",
            "1 cup finely shredded sharp cheddar cheese",
            "1/4 TSP paprika, or as needed"
            
        ],
        "directions": "Place eggs into a large pot and cover with lightly salted water. Bring to a boil and reduce heat to medium; boil eggs for 10 to 12 minutes. Drain the boiling water and fill pot with cold water. After 2 to 3 minutes, pour off water and replace with more cold water. Repeat until eggs are fully chilled, 10 to 15 minutes. Peel eggs. Heat vegetable oil in a small skillet over medium heat and cook and stir onion until translucent, about 5 minutes. Remove from heat and let cool.Slice eggs in half lengthwise and scoop yolks into a bowl; transfer egg white halves to a plate. Mash egg yolks with a fork; stir in sour cream, mayonnaise, ranch dressing, Dijon mustard, garlic powder, onion powder, and lemon pepper seasoning until yolk mixture is smooth. Stir in sauteed onions, bacon bits and Cheddar cheese. Generously fill egg halves with filling and sprinkle each deviled egg with paprika. Refrigerate until chilled before serving."
    },
        {
        "category": "Appetizers",
        "recipe": "Asparagus Wrapped in Crisp Prosciutto",
        "prep": "15min",
        "cook": "20min",
        "ingredients": [
            "1 TBSP olive oil",
            "16 spears fresh asparagus, trimmed",
            "16 slices prosciutto"
            
        ],
        "directions": "Preheat the oven to 450 degrees F (220 degrees C). Line a baking sheet with aluminum foil, and coat with olive oil. Wrap one slice of prosciutto around each asparagus spear, starting at the bottom, and spiraling up to the tip. Place the wrapped spears on the prepared baking sheet.Bake for 5 minutes in the preheated oven. Remove, and shake the pan back and forth to roll the spears over. Return to the oven for another 5 minutes, or until asparagus is tender, and prosciutto is crisp. Serve immediately."
    },
    
]
