[
    {
     "category": "Pasta",
     "recipe": "Lobster Mac and Cheese",
     "prep": "15min",
     "cook": "70min",
     "ingredients": [
         "Kosher salt",
         "Vegetable oil",
         "1 lb cavatappi or elbow macaroni",
         "1 quart milk",
         "1 stick unsalted butter",
         "1/2 cup all purpose flour",
         "12 ounces Gruyere cheese, grated",
         "8oz extra sharp Cheddar, grated",
         "1/2 TSP freshly ground black pepper",
         "1/2 TSP nutmeg",
         "1 1/2 lbs cooked lobster meat",
         "1 1/2 cups fresh white bread crumbs"
         
     ],
     "directions": "Preheat the oven to 375 degrees F.Drizzle oil into a large pot of boiling salted water. Add the pasta and cook according to the directions on the package, 6 to 8 minutes. Drain well. Meanwhile, heat the milk in a small saucepan, but don't boil it. In a large pot, melt 6 tablespoons of butter and add the flour. Cook over low heat for 2 minutes, stirring with a whisk. Still whisking, add the hot milk and cook for a minute or two more, until thickened and smooth. Off the heat, add the Gruyere, Cheddar, 1 tablespoon salt, the pepper, and nutmeg. Add the cooked macaroni and lobster and stir well. Place the mixture in 6 to 8 individual gratin dishes.Melt the remaining 2 tablespoons of butter, combine them with the fresh bread crumbs, and sprinkle on the top. Bake for 30 to 35 minutes, or until the sauce is bubbly and the macaroni is browned on the top."
 },
    {
     "category": "Pasta",
     "recipe": "Chicken Fettuccine Alfredo",
     "prep": "25min",
     "cook": "25min",
     "ingredients": [
         "Kosher salt",
         "Freshly ground pepper",
         "12 ounces fettuccine",
         "Olive oil, for tossing",
         "12 ounces boneless, skinless chicken breast",
         "1 stick unsalted butter",
         "2 cups heavy cream",
         "2 pinches freshly grated nutmeg",
         "1 1/2 cups freshly grated Parmigiano-Reggiano"
         
     ],
     "directions": "Bring a large pot of water to a boil, and salt generously. Add the pasta and cook according to package directions until al dente (tender but still slightly firm). Drain and toss with a splash of oil.Meanwhile, slice the chicken into 1/4-inch-thick strips, and lay them on a plate or a sheet of waxed paper. Season with salt and pepper.Heat a large skillet over medium heat. Add 2 tablespoons of the butter. When the butter melts, raise the heat to medium-high and add the chicken in 1 layer. Cook, without moving the pieces, until the underside has browned, 1 to 2 minutes. Flip the pieces, and cook until browned and cooked through, 2 to 3 minutes more. Transfer the chicken to a medium bowl.Reduce the heat to medium. Add the remaining 6 tablespoons butter. Scrape the bottom of the skillet with a wooden spoon to release any browned bits. When the butter has mostly melted, whisk in the cream and nutmeg and bring to a simmer, then cook for 2 minutes. Lower the heat to keep the sauce just warm.Whisk the Parmigiano-Reggiano into the sauce. Add the chicken and cooked pasta and toss well. Season with salt and pepper. Serve hot in heated bowls."
 }
]
